FacName,FacStreet,FacCity,FacState,RegistryID,FacSICCodes,FacNAICSCodes,FacLat,FacLong,RmpIDs,CAAPermitTypes,FacSNCFlg,FacQtrsWithNC,FacInspectionCount,Over80CountUs,FacFormalActionCount,FacMapFlg,PercentBelowLowincome3mile,PercentPeopleOfColor,"DFR URL"
"AIRGAS USA LLC - ORLANDO ASU/DEPOT","9857 BACHMAN RD",ORLANDO,FL,110069995983,2813,325120,28.42427,-81.39232,,,Y,11,1,7,0,Y,44.14,76.38,https://echo.epa.gov/detailed-facility-report?fid=110069995983
"AMTEC LESS LETHAL SYSTEMS INC","4700 PROVIDENCE RD",PERRY,FL,110054951708,"2892 3483","332993 325920",30.203611,-83.650278,,,Y,4,1,0,0,Y,45.82,4.07,https://echo.epa.gov/detailed-facility-report?fid=110054951708
"AUTO RESTORATION DEPOT INC","122 S 8TH AVE",WAUCHULA,FL,110027955247,,"314999 325998 425120 488490",27.546449,-81.813921,,,Y,12,2,1,2,Y,55.5,55.24,https://echo.epa.gov/detailed-facility-report?fid=110027955247
"BECKMAN COULTER INC","740 W 83RD ST",HIALEAH,FL,110027964460,,"325413 334510",25.898656,-80.296765,,,Y,3,2,9,0,Y,48.86,95.24,https://echo.epa.gov/detailed-facility-report?fid=110027964460
"GULF COAST BULK EQUIPMENT, INC.",UNKNOWN,PALMETTO,FL,110069339175,"4214 2819","484110 325180",27.634962,-82.544095,,,Y,11,2,0,0,Y,28.88,23.5,https://echo.epa.gov/detailed-facility-report?fid=110069339175
"KRATON CHEMICAL, PANAMA CITY FACILITY","2 EVERITT AVENUE","PANAMA CITY",FL,110000362287,"2861 2821 2869 2899","325194 325193 325211 325199 325191",30.145775,-85.618056,,"Major Emissions",Y,11,30,5,4,Y,46.06,38.22,https://echo.epa.gov/detailed-facility-report?fid=110000362287
"MONTCO RESEARCH PRODUCTS, INC.","209 JANICE DRIVE",HOLLISTER,FL,110001139571,2869,"325199 325110 325193",29.67025,-81.791833,100000168953,,Y,10,1,0,0,Y,72.58,12.26,https://echo.epa.gov/detailed-facility-report?fid=110001139571
"MOSAIC FERTILIZER LLC - NEW WALES PLANT","3095 COUNTY ROAD 640 W",MULBERRY,FL,110056968866,"2874 2048 1475 1094 2819","325312 212392 311119",27.834363,-82.049256,100000144532,"Major Emissions",Y,6,184,1,1,Y,30.15,19.71,https://echo.epa.gov/detailed-facility-report?fid=110056968866
"MOSAIC FERTILIZER LLC - RIVERVIEW","8813 HIGHWAY 41 SOUTH",RIVERVIEW,FL,110056968875,"2874 4226 4952 2819 2873","325312 493110 221320",27.864473,-82.385841,100000137648,"Major Emissions",Y,11,93,3,2,Y,42.27,59.26,https://echo.epa.gov/detailed-facility-report?fid=110056968875
"MOSAIC FERTILIZER, LLC","3200 HWY 60 WEST",BARTOW,FL,110008318588,"2874 2819",325312,27.905815,-81.916797,100000137826,"Major Emissions",Y,7,91,0,2,Y,17.41,26.01,https://echo.epa.gov/detailed-facility-report?fid=110008318588
"PCS PHOSPHATE WHITE SPRINGS","15843 SE 78TH PL","WHITE SPRINGS",FL,110000588640,"2874 1475 1479 2819","325312 212392 311119 212393 325311 325180",30.408106,-82.787465,100000034321,"Major Emissions",Y,12,81,0,0,Y,53.42,34.32,https://echo.epa.gov/detailed-facility-report?fid=110000588640
"SUN GRO HOLTICULTURE","6021 BEGGS RD",ORLANDO,FL,110067432193,2875,325314,28.62553,-81.45207,,,Y,7,3,9,1,Y,44.19,68.8,https://echo.epa.gov/detailed-facility-report?fid=110067432193
"SYMRISE, INC.","601 CRESTWOOD ST",JACKSONVILLE,FL,110000361965,"2869 2861","325199 325110 32599 325194 325998",30.380131,-81.664313,100000183641,"Major Emissions",Y,6,30,3,2,Y,59.69,85.51,https://echo.epa.gov/detailed-facility-report?fid=110000361965
"THATCHER CHEMICAL OF FLORIDA","245 HAZEN RD",DELAND,FL,110043416461,2819,"325180 211112",29.03091,-81.33673,,,Y,4,8,0,0,Y,42.02,34.66,https://echo.epa.gov/detailed-facility-report?fid=110043416461
"THATCHER CHEMICAL OF FLORIDA","2905 INLAND TRANSPORT ST",PALMETTO,FL,110044263668,2819,325998,27.634201,-82.534802,,,Y,10,7,0,3,Y,27.02,22.1,https://echo.epa.gov/detailed-facility-report?fid=110044263668
"VOLTAIX - AIR LIQUIDE ELECTRONICS","1310 S MAIN ST","HIGH SPRINGS",FL,110012540483,2813,"325120 325180",29.816761,-82.604271,,,Y,3,2,1,0,Y,28.03,22.63,https://echo.epa.gov/detailed-facility-report?fid=110012540483
"WEST PHARMACEUTICAL SERVICES","5111 PARK STREET NORTH","SAINT PETERSBURG",FL,110000364668,"3069 2822","325412 326299 325212",27.817836,-82.752731,,"Minor Emissions",Y,11,0,0,0,Y,32.08,20.74,https://echo.epa.gov/detailed-facility-report?fid=110000364668
